company,headline,sentiment,confidence,published
Tata Steel," Azteca at their feet, 40 years since Argentina's second star ⭐️⭐️",neutral,0.866,2026-06-29T12:15:00Z
Tata Steel,"Sensex today | Stock Market Highlights: Sensex falls 372 pts to settle at 76,728, Nifty closes below 24,000 as geopolitical tensions weigh",negative,0.968,2026-06-29T10:55:35Z
Tata Steel,Nifty indices rejig goes live today: Which stocks will see biggest inflows and outflows?,neutral,0.87,2026-06-29T07:04:30Z
Maersk,Panama Canal Sees Revenue Beating Forecast,positive,0.893,2026-06-27T12:00:00Z
Maersk,Panama Canal Sees Revenue Beating Forecast After Hormuz Closure,positive,0.945,2026-06-26T11:34:57Z
Maersk,Panama Canal Sees Revenue Beating Forecast After Hormuz Closure,positive,0.945,2026-06-26T09:39:01Z
Foxconn,Taiwanese majors eye South Tamil Nadu for expansion and new projects,positive,0.834,2026-06-29T13:48:03Z
Foxconn,Foxconn unit ShunSin confirms TSMC COUPE partnership; capex to hit NT$5 billion for CPO and OCS,positive,0.918,2026-06-29T04:11:06Z
Foxconn,"FIT consolidates EV charging brands, builds Saudi plant to localize supply",neutral,0.744,2026-06-28T23:53:32Z
Tesla,Robot hand company settles Tesla trade secret suit and announces $11M raise,neutral,0.782,2026-06-29T14:05:46Z
Tesla,Robot hand company settles Tesla trade secret suit and announces $11M raise,neutral,0.782,2026-06-29T14:00:08Z
Tesla,"Wall Street Is Divided On Tesla, but I Keep Buying The Stock",neutral,0.873,2026-06-29T13:50:45Z
Samsung,Best smartphone for audio enthusiasts in our 2026 reviews,positive,0.676,2026-06-29T14:29:00Z
Samsung,Class Action Lawsuit Accuses The Three Largest RAM Manufacturers Of Colluding To Drive Up Prices,negative,0.934,2026-06-29T14:22:42Z
Samsung,The Dedicated Camera Phone Button Should Make A Comeback - Here's Why,neutral,0.849,2026-06-29T14:17:00Z
